category,max,nulls
undefined,18.7972091174408,15173,14444,8404,8319,8341,6217,5390,4014,3444,3229,3006,3010,2431,2149,1715,1339,770,627,412,316,148
undefined,4.46783642385953,64001,2148,2107,2419,3179,3400,3290,3103,2824,2282,1477,1042,484,231,182,167,152,171,116,62,61
undefined,4.75410371547245,49006,12690,10376,8165,5701,2735,1813,1244,728,218,98,43,17,9,9,12,14,3,8,5,4
undefined,5.98782544477391,11703,7286,9379,12451,11965,9917,7988,5315,3913,3141,2396,1737,1432,1043,854,751,574,416,299,237,101
undefined,2.02869937834731,69635,3444,3379,2884,2761,2522,2176,1970,1478,931,450,262,218,165,138,156,149,65,38,38,39
undefined,5.43391385476426,30947,13135,13422,10745,7525,5792,3726,2178,1394,800,545,456,340,324,337,231,327,297,109,136,132
undefined,4.78142680084317,33686,9595,9703,9705,8462,6348,5248,3116,2364,1254,873,548,518,494,370,233,158,90,92,36,5
undefined,27.019166596114,8464,17762,13903,11588,8958,7207,6234,5127,4578,2860,2176,1402,808,465,379,330,356,131,79,40,51
undefined,23.877629018644,14606,17531,12834,9860,8929,6981,5044,4218,3575,2223,1668,1643,1121,955,741,505,175,87,63,70,69
undefined,9.99124258106956,72546,11973,5267,1740,611,223,101,64,52,33,49,36,28,34,34,20,22,18,17,15,15
undefined,6.22248750994297,40897,7959,7222,7702,5233,4079,3509,3194,3218,2675,1964,1564,1167,989,379,626,294,107,38,37,45
undefined,6.60183563300929,29055,10110,10972,8992,7262,6257,4716,3361,2653,1894,1500,1279,1170,975,647,601,495,450,324,100,85
undefined,3.28896586415212,42966,7712,7678,7599,6838,5732,3810,2443,1831,1448,1265,1139,810,491,390,215,158,136,86,104,47
undefined,11.6463620297126,21364,13619,11217,8484,7497,5596,5621,5123,3674,3022,1915,1605,1379,1088,736,273,294,203,88,52,48
undefined,9.60524869511442,25578,10780,11207,8254,6538,6514,5229,3971,3447,2714,2487,1413,928,862,831,648,616,447,268,96,70
undefined,14.367978189599,21385,15332,13945,10612,8178,5705,4834,3572,2847,1983,1415,1173,887,440,247,203,45,29,33,30,3
undefined,3.27006727002981,61555,5756,5463,4972,4358,3650,2803,1178,816,639,456,375,279,169,148,146,36,32,18,35,14
undefined,7.49010863499665,26713,8970,9731,9177,6459,6347,5240,4152,3197,2898,2529,2010,1502,1013,713,540,435,451,338,375,108
undefined,12.7199493026551,76384,7856,3258,1701,630,513,458,356,281,307,224,212,222,171,77,56,49,37,50,32,24
undefined,2.24339662080538,60290,4605,4523,4233,3614,3664,3009,2693,2061,1512,801,567,346,265,162,163,150,123,37,33,47
undefined,6.86419193463207,47601,13099,11391,8145,3611,2216,1610,1151,860,741,593,419,363,332,264,115,73,60,97,69,88
undefined,3.1478922720495,60225,6337,5983,5534,4897,3676,2457,1187,672,680,415,271,170,120,69,49,26,35,39,47,9
undefined,5.78809029833154,81160,3329,1972,1295,1125,980,777,520,390,372,219,131,105,78,106,82,106,48,43,29,31
undefined,9.52924661781022,25439,11611,12027,7760,6241,5158,5236,5039,3419,2918,2202,1615,1392,888,623,400,289,208,140,137,156
undefined,11.4599628838686,40286,18912,13844,8001,3619,1722,1213,1017,764,688,707,470,416,303,267,246,114,83,66,70,90
undefined,2.02763914782762,59716,3459,3385,3250,3357,3213,3192,3025,2571,2521,1515,726,758,498,349,364,275,175,151,192,206
undefined,15.1264365971721,10788,9673,7909,6794,7226,7391,6990,6693,6249,5567,3847,3048,2352,2298,1952,1343,1101,680,452,402,143
undefined,13.5153655475845,25399,20106,13424,10123,7463,5145,4299,2312,1499,1003,622,464,228,115,97,116,108,87,94,75,119
undefined,62.0780719464952,28287,32190,13739,8413,3153,2521,1043,888,547,356,320,291,203,194,172,140,90,82,105,92,72
undefined,9.32901863171717,22332,12795,12821,9006,7195,6394,5692,3542,2330,2110,1662,1637,1428,1456,1000,653,227,161,139,141,177
undefined,3.63416438832815,30888,8915,9361,9248,9037,7629,5134,3377,2753,2062,1477,986,794,467,332,226,69,59,32,28,24
undefined,4.60325821100696,40250,9802,9482,8989,7752,5092,3398,2213,1670,1073,891,582,494,407,279,227,156,82,13,22,24
undefined,7.08297493156928,53577,10765,9450,6162,4730,2584,1778,1409,1071,717,239,132,60,47,22,23,24,29,31,35,13
undefined,0.993465901405216,84976,571,497,556,525,516,523,473,485,424,409,428,435,401,358,455,367,197,129,113,60
undefined,5.79069271357979,41171,13684,12850,9943,4869,3153,1730,1375,1013,698,542,399,298,300,204,201,179,130,77,52,30
undefined,10.4446367737465,22825,11502,10516,9659,7673,7176,6704,5246,3753,2954,1781,955,585,460,453,211,141,125,113,41,25
undefined,2.55881158094993,79233,2764,2430,2124,1614,1274,971,684,534,337,423,198,111,45,34,25,22,36,23,10,6
undefined,3.53374901194644,31995,7850,7810,8742,8586,7326,5707,3674,3011,2415,1570,1100,910,740,456,359,291,189,84,57,26
undefined,7.28634721072735,35084,17439,15465,11051,5612,3231,2146,1282,688,381,203,111,53,17,29,17,28,28,11,10,12
undefined,33.6423054409641,55575,35798,1215,57,15,12,17,15,26,17,23,20,18,18,9,4,4,3,10,13,29
undefined,7.68958214590597,45101,18498,13598,7013,3664,2287,1558,912,217,18,1,6,6,2,5,2,2,2,4,1,1
undefined,19.3582396380602,25998,27393,20122,10154,5300,2057,904,399,124,70,59,56,42,43,32,26,33,25,29,17,15
undefined,5.42996227144147,12439,6826,8063,9042,9655,10243,9337,8616,6256,4436,3177,2072,1184,544,288,199,164,159,73,36,89
undefined,36.5483311862908,21402,24383,12298,6966,6356,3887,3011,2627,2425,1894,2168,1389,1151,1039,747,387,236,294,84,69,85
undefined,3.49971799826231,60762,5449,4756,4132,3574,3197,2103,1674,1263,1286,1114,936,925,625,328,254,137,131,71,99,82
undefined,8.17080368454372,28076,14453,13476,10338,6741,5013,3329,2521,1918,1787,1392,1105,899,834,573,126,51,66,52,65,83
undefined,3.58816155984547,39828,8118,8053,8074,7345,6241,3934,3007,2715,1861,1173,635,382,411,324,254,194,140,109,63,37
undefined,8.89766297494574,18707,9773,10683,9837,9645,8184,6832,5550,3886,3272,1818,1255,889,705,544,276,272,282,164,119,205
undefined,13.6611753831325,33331,14323,12484,7041,5566,4669,3557,3468,2581,2084,1451,704,474,306,239,188,170,118,58,48,38
undefined,2.60429909684821,61290,4611,4293,4331,4000,3859,3146,2706,1649,1021,553,435,501,186,145,84,23,20,26,15,4
undefined,7.46288046381864,28743,11505,11225,8804,7565,6347,4734,3694,3180,2077,1601,945,934,574,378,178,79,85,73,65,112
undefined,15.268673447779,16192,12929,10005,8160,6085,5580,5082,4236,3901,3870,3691,3736,2891,1865,1641,885,724,603,313,240,269
undefined,14.4134015150462,19331,10801,9834,8228,6757,6069,5523,4671,4216,4063,2516,2339,2185,1615,1555,1072,955,667,308,102,91
undefined,11.7958706544524,27780,14304,13679,7625,5426,4884,3524,2949,2848,2210,1899,1509,1120,885,594,489,532,342,115,82,102
undefined,4.18775228785938,50953,6765,6655,6985,5942,4145,2394,1877,1909,1327,842,765,470,443,453,284,235,212,141,68,33
undefined,6.69738777950645,27305,10482,10707,11241,8151,7384,4647,3483,2671,1865,1331,1132,763,544,419,253,163,81,85,92,99
undefined,5.68693618854682,41836,10098,8975,8276,5813,4431,4363,2852,2295,1056,779,492,541,400,214,124,108,72,71,73,29
undefined,5.29907593653521,43486,7794,7739,9029,6208,3669,3107,2621,2303,1994,1512,1476,911,289,249,193,105,41,56,67,49
undefined,28.7725324766518,28442,31538,14786,6973,4554,1765,1469,1083,831,457,270,108,96,98,106,83,54,57,59,41,28
undefined,15.9036930105025,18523,15303,10668,7953,6494,6187,5325,4041,2852,2635,2597,2301,1925,2028,1487,1006,669,415,266,109,114
undefined,53.2727499583035,30749,35060,9606,5923,3470,2168,1945,1466,656,383,206,254,139,136,108,103,121,94,114,104,93
undefined,3.43559557162652,56661,5391,4939,4240,4077,3984,2983,1642,1468,1344,1264,881,645,600,590,581,478,476,371,219,64
undefined,7.61979390374791,33970,12256,12093,8335,6041,4569,3692,3132,2550,2139,1643,1041,516,182,145,130,159,85,107,52,61
undefined,2.81600222139026,48534,5996,5819,5546,5334,5232,4359,3307,2115,2011,1502,1043,624,503,454,228,121,57,84,23,6
undefined,117.352300082577,10234,37140,13294,7792,5505,3443,3357,2582,1736,1153,1374,907,865,845,567,474,419,352,444,271,144
undefined,2.81894136518744,52712,5118,5097,4812,4680,4113,3954,3301,2088,1666,1534,1132,818,724,527,143,114,136,123,57,49
undefined,7.38928794311914,22387,10652,12043,10397,8364,6744,4811,3638,2873,2361,1917,1558,1240,1043,927,687,469,295,199,133,160
undefined,6.10477721421078,50136,10840,9972,8238,4309,3032,1543,1260,1078,904,480,333,222,85,80,91,84,49,44,65,53
undefined,3.8110747481193,41365,9297,9679,8399,6576,4486,2714,2250,1657,1660,1029,695,642,568,506,478,309,267,164,107,50
undefined,5.54032889868631,50546,11585,9175,7151,4326,3124,2075,1456,1232,669,428,296,180,130,117,81,116,99,78,30,4
undefined,6.44714980869723,62511,10616,7442,5149,2234,1256,864,557,520,353,262,187,184,149,142,138,103,106,71,32,22
undefined,2.02794482940961,77993,2339,2003,1952,1891,1709,1445,1148,937,633,322,107,88,76,70,69,64,37,9,5,1
undefined,1.6176856954345,80472,1679,1611,1658,1412,1294,1192,873,762,655,588,313,232,70,28,30,14,6,6,1,2
undefined,22.1082192003775,26405,26243,12629,7193,4772,3196,2475,2050,1817,1562,973,792,626,485,251,342,238,281,239,194,135
undefined,2.70941914804009,61230,5316,4731,4910,4420,3673,2941,2064,1107,759,342,332,202,129,164,145,140,74,86,60,73
undefined,2.58277020484418,80517,2262,1985,1699,1504,1245,1168,1068,475,146,114,141,114,131,163,111,28,10,9,7,1
undefined,3.09276465988719,35926,7909,8066,7900,8189,7047,5539,3554,2574,1923,1286,940,699,376,306,195,137,142,95,55,40
undefined,9.12165227292525,31561,14265,14628,9890,6422,4495,2920,1985,1150,1104,1131,736,513,377,424,323,325,203,200,165,81
undefined,3.9828708749679,61685,5488,5486,5401,4413,3254,2152,1877,896,601,453,324,206,106,84,63,84,93,73,76,83
undefined,2.854216567653,88167,952,835,734,703,607,447,222,39,52,21,20,14,14,10,7,5,7,9,9,24
undefined,3.23090769144037,62269,5970,6331,5675,5256,3364,1839,461,323,321,232,253,170,86,85,75,45,38,31,40,34
undefined,6.44715115271501,74311,5198,4082,3649,1692,1281,1001,472,444,287,95,44,71,65,44,38,35,28,19,27,15
undefined,6.60555137673826,27352,9328,9943,10463,6926,5345,4879,3684,3569,2985,2397,1783,1425,1175,641,341,226,243,122,33,38
undefined,19.2539833453346,14852,21602,17241,12617,8677,5339,3145,2380,1847,1316,706,629,363,229,240,254,306,251,297,275,332
undefined,3.44162872494463,52904,6366,6151,5919,5197,4017,3085,1814,1414,1175,834,950,744,651,490,387,338,233,122,64,43
undefined,1.77865847136114,82016,1645,1500,1244,1117,1078,965,844,689,565,462,290,154,99,70,78,47,29,2,0,4
undefined,14.7952846092823,20047,17171,14407,9065,6984,5371,4647,3648,2379,2009,1851,1241,1034,683,756,456,391,333,229,94,102
undefined,19.9054404821367,43845,33413,10430,2899,1289,271,21,24,22,34,30,39,49,51,47,74,84,61,79,70,66
undefined,2.52196896803619,53252,6408,6240,6048,5306,4323,3554,2586,2002,1232,784,481,283,177,59,48,44,29,9,20,13
undefined,7.95819945425074,50760,15134,12421,6366,3860,2080,926,460,347,123,45,21,26,30,29,42,43,45,45,36,59
undefined,4.82025892720666,37541,10146,9775,9807,7747,4166,3215,2556,1975,1474,876,882,671,515,512,346,268,198,76,79,73
undefined,5.38452864372421,47725,8397,7640,6972,6002,4312,3084,2320,1814,1497,1079,867,520,249,139,80,52,61,26,40,22
undefined,11.6213733429773,25907,14855,12227,10279,6909,4025,3952,3658,2778,2072,1368,1027,665,602,412,509,589,313,277,241,233
undefined,8.80304107174556,29863,10006,11410,8845,7416,5905,4433,3655,2430,1744,1362,1195,1003,929,701,520,446,444,381,160,50
undefined,3.53453415041554,76255,3755,3269,2912,2516,1626,751,291,276,227,193,117,75,65,55,88,78,61,95,133,60
undefined,3.6146066468956,52127,6497,5709,5307,5421,5091,3295,2341,1922,1413,812,709,785,431,286,227,142,144,177,36,26
undefined,1.73653909542829,83468,1360,1472,1321,1030,832,851,689,572,448,308,207,98,31,27,35,38,32,26,24,29
undefined,1.30374793920785,80089,1201,1140,1060,1012,1009,960,985,798,784,698,636,596,546,460,329,97,91,80,95,232
undefined,29.9900250546612,14659,16908,10066,8487,6104,4570,4044,3259,3018,3098,3363,3433,3334,3011,1746,1348,1148,765,238,131,168
undefined,56.924836817125,40307,32579,7579,4205,2669,1829,1050,537,428,309,284,155,113,131,107,110,109,88,111,109,89
undefined,7.9479731942747,45936,13304,10246,6180,3689,2892,2123,1739,1259,1064,1050,740,681,527,241,187,176,246,297,186,135
undefined,3.38206531736246,70248,4114,3417,3272,3041,2734,1857,668,759,556,478,417,208,218,239,187,72,103,84,111,115
undefined,44.0371356470648,26832,28184,10737,6003,4456,3140,2232,1979,1797,1318,1446,1086,912,732,334,327,262,350,316,251,204
undefined,7.7849726799521,52692,9537,7613,5606,4044,3456,2258,1999,1200,1174,945,697,553,231,160,164,165,146,105,73,80
undefined,3.82739639271529,47885,5325,5904,6299,5782,5211,3474,2805,1983,1785,1685,1156,934,752,612,553,282,229,157,44,41
undefined,7.58408421023666,38401,12096,11939,8198,5842,4442,3143,2902,2134,1149,760,461,301,277,217,195,143,122,54,47,75
undefined,4.41298095788272,57123,5867,6161,6207,4888,2847,1671,1452,1496,1084,712,689,665,499,421,350,282,170,145,96,73
undefined,7.31593917459291,34392,8695,8352,8549,6872,5209,3586,3394,2839,2395,1706,1759,1488,1117,839,592,366,302,158,149,139
undefined,3.11350823970983,61917,5152,4977,4644,4503,3487,2874,1523,1020,866,487,432,265,172,145,108,72,108,96,30,20
undefined,3.67185255828982,60392,5590,5414,5124,5009,4014,1640,960,957,986,815,459,249,229,206,190,171,125,155,114,99
undefined,2.52306771146643,61059,4049,4152,3856,3635,3463,3212,2536,1684,1147,894,802,563,421,334,310,248,200,172,106,55
undefined,4.02825707316938,42804,7444,7716,7591,6100,4535,2661,2597,2206,1886,1500,1452,1167,1264,688,435,302,274,230,26,20
undefined,2.43472715951595,63487,4250,3682,3794,3671,3295,2706,2257,1921,1180,482,470,459,212,236,192,96,84,87,139,198
undefined,5.1182724366926,54354,9135,7735,6945,5457,2964,2089,1473,973,667,430,158,130,110,63,35,33,26,47,31,43
undefined,2.52228265852759,81403,2117,1891,1782,1646,1429,1079,800,512,30,25,11,14,20,21,17,23,18,25,17,18
undefined,1.68186946577914,84380,1180,1071,886,883,838,772,709,644,488,474,273,188,45,13,13,7,13,16,4,1
undefined,5.60111378356118,37245,10139,10565,8964,5834,4725,3507,2675,2182,1922,1237,776,720,710,637,495,232,174,79,49,31
undefined,9.06610153831303,33731,12949,14088,9418,6363,4339,3789,2301,1598,1818,851,546,219,158,165,166,90,65,76,82,86
undefined,2.5168939760686,61395,5225,5055,4738,4175,3705,3289,2156,1263,442,321,310,248,181,140,107,40,43,23,26,16
undefined,4.26287352479581,35559,9030,8636,8507,6845,5411,3570,3147,2880,1986,1896,1520,1121,759,499,464,642,316,77,22,11
undefined,3.78675821499904,43660,9601,9152,9123,6649,4655,2706,2066,1525,1059,554,477,376,289,263,211,139,88,88,119,98
undefined,1.79139341685089,80572,1825,1577,1471,1413,1267,1124,1022,864,778,697,260,13,2,1,1,8,1,0,0,2
undefined,2.42866230273818,56484,5435,5515,5013,4845,4053,3573,3086,2273,705,381,365,293,246,175,146,98,79,70,52,11
undefined,1.55641476888219,89124,545,480,396,372,351,324,301,288,325,176,83,71,32,11,5,4,5,0,2,3
undefined,9.0598908180366,31816,16063,14895,8422,6719,4793,3012,2080,1531,999,906,447,277,332,214,79,65,45,69,63,71
undefined,2.71902905621005,74047,3536,3304,2771,2445,2057,1529,1072,519,356,335,335,279,166,114,19,4,4,4,0,2
undefined,5.22169234663399,53422,9258,8815,7708,4658,2717,1845,990,747,521,501,369,337,271,196,201,86,57,61,79,59
undefined,4.43815787535585,45494,8014,7924,7698,6956,4524,3869,2855,1730,1185,876,453,184,190,238,181,178,191,72,44,42
undefined,4.15528586279569,46091,8026,7463,7209,6275,4360,3425,2505,2110,1272,1273,958,573,323,213,193,213,192,96,92,36
undefined,2.44935236101555,69693,4428,3752,3370,3061,2544,1951,1811,930,385,344,259,142,92,48,36,29,5,6,4,8
undefined,0.971495423392949,92316,80,69,57,53,38,34,41,35,38,35,34,20,18,7,6,3,2,4,4,4
undefined,2.24726330494239,77028,2376,2375,2214,1903,1555,1436,1209,701,462,344,314,167,143,119,106,125,109,117,54,41
undefined,5.40251739571797,31123,10544,11416,11337,9979,6278,3856,2188,1440,1534,961,674,511,373,167,164,120,56,75,72,30
undefined,5.52649958823147,45129,10388,9681,8766,6221,3581,2523,1697,1059,1190,888,440,290,242,191,181,107,94,106,48,76
undefined,7.13107509881042,38386,9954,9582,8607,6123,4729,3176,2677,2065,1672,1411,1354,1199,496,366,364,224,179,179,91,64
undefined,2.86639539630783,63177,5383,4995,4975,4232,3571,2882,1582,274,268,289,244,224,162,115,82,94,122,111,99,17
undefined,1.98173226526247,79564,1783,1690,1568,1488,1672,1447,1347,972,633,319,124,51,46,34,31,43,27,23,15,21
undefined,0.999941283130196,91876,58,58,88,72,68,59,68,62,64,66,69,42,45,42,38,46,28,21,20,8
undefined,4.09982609587426,37953,6940,7239,7346,6827,5769,4093,3412,3227,2445,1859,1255,938,799,674,506,469,487,448,127,85
undefined,6.27660695427523,39528,9281,8851,8371,6936,5145,4215,2914,2004,1353,998,823,547,356,279,400,427,226,168,41,35
undefined,3.8767906235062,48742,6191,6316,6120,5765,4335,2549,2592,2084,1870,1586,1475,1125,563,502,421,307,222,39,43,51
undefined,7.29586006947771,47859,13276,12001,8362,4801,2179,1355,1087,785,296,269,214,146,34,26,20,24,38,37,38,51
undefined,10.6876032693672,37646,13251,11331,6973,5481,3789,3518,3598,2268,1342,843,669,485,422,312,257,165,154,113,139,142
undefined,3.80921755670861,61248,6739,6742,6208,4466,3026,1580,831,641,443,201,168,146,76,73,49,46,47,55,63,50
undefined,2.18988068574882,74203,3085,2977,2719,2208,1981,1665,1356,946,591,202,217,216,155,103,95,101,48,19,6,5
undefined,1.47764723366506,79902,1552,1353,1275,1257,1117,1004,929,861,897,717,572,538,451,128,53,58,51,55,61,67
undefined,1.78762163197212,83273,1397,1218,1208,981,997,837,740,540,438,340,294,144,112,136,113,65,26,28,10,1
undefined,1.43924844171222,91353,266,224,214,161,203,143,105,68,33,39,35,12,23,12,1,0,0,2,1,3
undefined,4.65346779932271,35788,11451,11732,10004,8119,5661,4150,2330,1576,1090,397,217,138,55,82,35,39,18,8,4,4
undefined,3.00794458529631,66238,4756,4915,4379,3963,3633,2430,958,449,284,216,156,120,140,33,30,41,42,51,36,28
undefined,20.7611631245278,43159,20942,10076,4839,3569,2724,2230,1547,1125,596,532,347,296,90,103,111,105,135,101,133,138
undefined,2.51674960695488,59782,4224,3999,3593,3373,3370,3240,2795,2351,1417,1383,946,753,443,308,280,299,108,80,95,59
undefined,9.81088281882642,43879,13457,10977,7087,4749,3739,3353,1794,1203,571,453,386,307,266,101,93,89,81,117,111,85
undefined,3.49221101387344,57055,6308,5906,5901,4685,3472,2395,1568,1077,863,742,623,484,334,355,421,278,286,91,45,9
undefined,2.34370018616991,72001,3476,3129,2746,2660,2193,1870,1551,991,643,392,246,236,243,228,104,62,67,29,14,17
undefined,4.6786696344641,69270,6346,5327,4329,3247,1840,1058,609,219,163,81,79,55,51,36,31,30,36,21,29,41
undefined,3.77579988282374,48119,5878,5938,5999,5793,5326,3655,2803,2678,1985,1430,1045,877,478,319,156,118,85,54,80,82
undefined,7.11963572518402,33638,8528,8920,8010,6608,5411,4786,4409,3157,2362,1844,1240,1240,1072,849,462,191,56,37,28,50
undefined,2.89969001484889,60665,4310,4234,3836,3750,3788,3540,2849,1483,1091,951,764,581,402,205,161,118,156,7,4,3
undefined,5.89620420932541,37857,9454,9443,8669,5263,4111,3412,2428,2541,1943,1329,1099,1136,1041,949,746,632,430,190,136,89
undefined,2.16953106940297,72955,2933,3018,2635,2460,2044,1553,1366,1161,846,325,369,298,168,170,196,128,96,99,50,28
undefined,7.84002281561599,44909,11549,11758,8546,4414,3235,2376,1551,1095,926,437,389,404,308,317,231,178,80,99,55,41
undefined,3.06783806113534,51563,5244,4916,4419,4784,4329,3557,2788,2409,2113,1635,1246,1070,902,494,381,330,254,243,108,113
undefined,5.42238796663712,29435,7687,9335,10931,9734,7501,5639,2988,2126,2103,1634,1434,980,542,330,103,122,94,59,60,61
undefined,5.49070919641396,39652,8159,8052,7641,7026,4783,3790,2720,2360,2226,1599,1286,948,776,574,632,243,145,88,85,113
undefined,3.6119768591761,69199,4563,4046,3561,3587,2785,1601,843,794,645,387,256,240,143,79,54,34,21,20,19,21
undefined,2.79329009925686,67549,4139,3752,3823,3522,3363,2767,1638,707,364,136,145,162,163,135,102,117,101,74,69,70
undefined,3.57020320745712,90919,687,495,449,221,97,10,2,0,0,2,2,2,2,1,5,1,0,1,0,2
undefined,1,89787,238,265,239,242,236,198,211,191,166,134,146,148,180,131,135,93,51,49,29,29
undefined,4.32415659463024,40955,8970,8307,8725,8340,5720,3292,2849,1916,1788,762,376,205,146,179,110,118,38,45,17,40
undefined,0.993579856671568,88869,293,262,270,246,287,225,215,192,197,202,205,194,210,168,144,162,144,171,139,103
undefined,2.51697917795682,62105,4785,4551,4447,3868,3693,2927,2250,1538,682,656,499,255,193,105,83,62,64,63,40,32
undefined,0.970743237111603,92641,27,34,29,32,25,18,15,10,10,5,10,8,11,5,5,4,4,2,0,3
undefined,4.31391128361831,37707,9892,9793,9479,8049,5739,3283,2545,1842,1172,793,695,524,444,293,253,152,101,49,51,42
undefined,1.93883948680964,86050,1351,1181,868,734,795,722,458,385,222,113,9,0,0,0,2,0,1,0,0,7
undefined,2.33891093748082,56584,6230,5924,5219,4764,4309,3269,2548,1445,739,528,345,318,226,169,101,104,54,12,6,4
undefined,6.99393852963391,72500,8098,5642,3293,907,578,432,288,319,254,155,110,67,57,34,38,31,31,27,28,9
undefined,15.0928537979289,59322,24120,6636,2277,179,75,74,67,72,16,8,5,3,1,3,3,1,4,4,19,9
undefined,1.72461990652898,82564,1489,1503,1281,1243,1113,1004,768,598,534,371,194,109,76,8,8,10,5,7,9,4
undefined,2.39497437976022,86941,1148,1030,884,843,689,470,359,245,164,66,9,14,9,4,7,6,3,5,0,2
undefined,3.30551037160125,56137,7849,6883,6088,5296,4009,2157,1290,963,819,523,325,201,142,143,28,29,10,1,1,4
undefined,2.53849197633921,73846,3659,3520,2997,2572,2173,1914,1166,556,112,99,91,56,61,27,28,13,1,2,3,2
undefined,4.19345793296,38154,8206,8246,7788,7205,5027,3753,3057,2744,2061,1486,996,1117,1139,560,303,300,366,124,157,109
undefined,3.78833013605033,56356,7962,7371,6576,6311,3582,1462,1164,589,432,307,300,189,80,46,37,24,26,44,28,12
undefined,5.49598237328494,53240,11530,10217,8001,3709,1920,1535,1268,532,278,153,158,128,90,74,13,9,16,14,12,1
undefined,1.47486587863599,82514,1109,1000,1001,1026,973,867,710,682,551,576,448,322,286,240,102,101,88,155,69,78
undefined,5.39925704859807,45929,10315,10305,7997,5036,3326,2846,2244,1290,1010,866,599,292,218,122,150,116,91,52,47,47
undefined,3.34466748851492,84878,2060,1588,1195,891,657,380,226,194,192,194,118,75,68,29,24,27,28,27,25,22
undefined,5.59851584140319,70498,6391,5511,4090,2228,1308,901,658,426,205,149,80,91,71,34,46,66,64,43,12,26
undefined,13.0992613764749,33056,14705,10987,6849,4890,4375,3177,3239,3139,2440,1968,1085,785,643,580,326,115,121,155,176,87
undefined,8.61965443949368,27225,13970,16380,12471,8964,6191,3493,1520,1025,593,218,261,69,61,65,46,53,65,77,68,83
undefined,2.51309372734083,74392,3228,2940,2776,2621,2381,1775,1280,971,289,79,65,43,2,5,9,5,10,7,10,10
undefined,2.16994472129619,62097,3516,3667,3492,3569,3382,2900,2657,2322,1654,1044,700,540,452,327,223,109,94,86,49,18
undefined,1.91831498838575,82883,1675,1471,1408,1296,1139,901,702,552,421,278,65,28,33,24,11,7,1,1,1,1
undefined,2.84964813307926,66836,5236,4418,3837,3700,2548,1947,1240,839,668,394,259,252,163,151,121,107,129,33,15,5
undefined,2.98591212752493,57806,4425,4726,4443,4227,3960,3011,2382,1588,1251,1041,908,661,604,532,332,221,200,233,171,176
undefined,3.13301528052785,79491,2566,2440,2217,1725,1451,1224,390,242,208,187,193,143,84,68,48,39,32,43,41,66
undefined,2.80319917221954,67188,4657,4332,4102,3596,2865,2517,1660,761,493,437,100,64,30,22,18,16,22,8,7,3
undefined,2.08398983304375,79857,2167,2018,1775,1552,1408,1183,993,709,570,330,99,76,31,36,33,27,11,10,7,6
undefined,6.19144547984452,38108,9938,10375,9840,6219,4446,3496,2654,2301,1466,1280,1138,652,370,247,120,37,29,40,61,81
undefined,2.81920048558903,77294,3262,2656,2558,2463,1945,1426,778,88,87,85,85,76,43,45,2,0,1,3,0,1
undefined,8.30498644558167,45722,14372,12247,6566,4329,2646,1909,1438,1225,727,403,412,134,112,145,177,110,86,54,34,50
undefined,1.69745073741272,86510,881,735,749,671,651,525,517,442,392,354,256,71,15,23,31,27,22,18,4,4
undefined,2.06727543168858,81321,1631,1541,1465,1450,1213,907,824,737,514,349,254,78,108,103,93,60,61,95,56,38
undefined,0.988273727270249,90068,235,237,212,202,194,193,185,187,196,165,125,148,106,103,87,80,65,63,36,11
undefined,2.10918522660869,60637,3874,3835,3515,3527,3582,3354,2796,2053,1563,967,731,891,565,412,225,206,80,45,25,15
undefined,7.88533617581325,36261,10751,9183,8939,7138,5199,4170,2881,2375,1713,1137,1060,782,470,270,145,119,105,63,96,41
undefined,4.17885304950425,60382,6250,5641,5402,4555,3679,2047,1740,1019,881,353,278,127,105,75,48,64,57,80,89,26
undefined,4.00326185037903,41292,8531,8625,7840,6095,4964,3632,2908,2422,2125,1356,996,582,311,318,429,292,52,52,45,31
undefined,7.32280276260547,78479,5187,3384,1792,1164,993,749,363,177,144,117,69,72,49,26,23,19,20,20,20,31
undefined,2.69651110746364,74719,3974,3405,2996,2628,1796,1432,959,360,218,135,93,81,52,29,10,2,3,1,1,4
undefined,2.89037094648677,67880,3394,3131,3062,2995,2516,2156,1531,1030,1023,864,726,649,533,473,237,210,233,146,65,44
undefined,2.71632209833276,77286,3345,2871,2261,2053,1542,1213,838,346,323,222,168,115,92,78,54,25,30,8,12,16
undefined,2.74411281660214,45390,5769,5926,5964,5799,5060,4653,3965,2491,2007,1834,1144,1075,833,285,154,146,66,77,123,137
undefined,6.02346574039125,50405,9743,9844,8879,5529,3237,2247,1279,827,199,135,131,53,59,53,62,80,42,33,35,26
undefined,3.28441264361466,54272,6335,6206,5846,4640,3644,3006,1931,1512,1377,1091,692,683,354,283,191,227,160,170,171,107
undefined,3.47772498685467,52537,6216,5743,5639,5094,4348,3387,2578,1851,1493,1291,693,439,341,241,242,245,213,180,70,57
undefined,7.25800072291639,35710,12301,12904,10839,6568,5138,2518,1531,1271,1451,1126,435,140,155,224,158,94,87,92,70,86
undefined,2.67643891948131,62163,4639,4265,3849,3784,3281,3076,2250,1172,757,648,679,523,540,307,302,249,275,52,57,30
undefined,5.00737933224854,48820,9801,8528,7255,5367,3788,3553,1991,1197,824,634,349,204,155,108,95,66,52,58,24,29
undefined,3.36915320928666,57615,6546,6547,6030,5605,3982,2424,1236,879,679,514,332,148,75,40,33,31,40,43,40,59
undefined,16.9924196122655,77309,13281,1444,291,64,51,48,38,50,38,33,33,22,22,26,29,29,27,16,29,18
undefined,2.83286746377449,92165,189,113,131,86,55,49,34,11,7,9,11,9,4,10,3,4,2,5,0,1
undefined,5.12185257465716,45395,7795,8309,8065,6359,4205,3418,3050,2012,1233,1033,740,386,251,190,126,74,43,66,55,93
undefined,0.998133134182741,91513,120,103,128,126,129,135,95,94,80,69,58,46,48,26,35,35,28,12,13,5
undefined,3.42804955237054,81293,3489,2585,2130,1583,993,392,138,92,87,61,28,2,4,5,5,1,2,3,2,3
undefined,2.40140949304929,76796,2206,2258,2271,1928,1586,1665,1629,994,615,297,154,134,109,64,37,41,33,36,27,18
undefined,1.9056655817402,74410,2674,2415,2391,2145,1831,1615,1447,1187,837,638,316,148,150,154,204,125,86,51,36,38
undefined,4.25161678387772,78346,3936,3692,3077,2004,839,206,171,150,142,89,60,48,29,29,25,17,18,11,4,5
undefined,3.62896472488629,55746,6003,5822,5947,5076,4110,2735,1871,1512,1052,907,700,498,377,191,192,42,41,26,23,27
undefined,2.61583421542681,82861,1977,2056,1697,1334,1069,719,502,201,103,71,70,88,56,83,4,0,0,1,4,2
undefined,4.13305318820482,71425,6645,5078,3439,2497,1440,981,595,432,109,46,50,45,18,24,22,14,3,8,14,13
undefined,3.40095849064898,81779,2932,2641,2162,1563,883,534,174,88,61,24,28,13,5,4,1,1,1,2,0,2
undefined,1.83973138440538,68444,3306,3041,2991,2953,2613,2398,2193,1501,1199,741,471,210,203,139,120,109,96,55,40,75
undefined,1.93657713589922,77478,2482,2226,1978,1749,1752,1587,1186,1000,669,386,116,164,13,14,23,15,8,19,6,27
undefined,2.471271194971,65823,4128,3699,3416,3206,2869,2707,2429,1796,797,469,393,376,263,177,104,82,48,50,37,29
undefined,5.75442930520847,44371,10789,10362,7804,4792,3738,2624,1950,1294,956,723,622,432,407,366,384,401,459,257,112,55
undefined,5.08864090028975,43622,7605,7623,7763,6372,4026,3612,2989,2752,2158,1485,739,526,330,315,305,313,106,73,91,93
undefined,4.31832217312903,53370,7305,7466,7595,6080,3024,1765,1527,1318,827,501,580,380,316,147,169,153,83,111,99,82
undefined,4.07006167950142,63915,7089,6008,4878,3909,2435,1189,980,680,407,319,140,130,115,122,133,179,93,76,73,28
undefined,42.2806570868316,64535,25338,1903,123,163,192,102,146,139,11,14,33,37,14,9,12,9,9,23,37,49
undefined,8.0244735152935,53789,13468,10448,5971,3424,1784,1409,796,449,300,215,232,158,77,74,83,82,43,36,29,31
undefined,4.0174553610657,61278,6276,5261,4620,4035,2833,1650,1346,1193,1191,1113,972,468,271,76,50,52,86,57,31,39
undefined,2.28455903628446,83453,1928,1678,1489,1244,1085,807,509,247,132,81,75,49,30,22,28,7,9,7,4,14
undefined,2.55515358433323,91604,321,227,208,181,138,76,59,20,10,5,7,9,6,5,5,4,2,7,2,2
undefined,7.30477743970176,69355,11153,7130,2936,1195,480,122,85,61,70,33,35,44,24,22,17,24,18,19,33,42
undefined,0.999999999999408,86822,505,493,475,409,400,529,424,434,403,353,332,291,239,190,156,124,115,92,86,26
undefined,3.56465336050368,51508,7278,7025,6698,6798,4857,3220,2283,936,611,320,286,346,245,156,124,83,43,22,32,27
undefined,1.70712188291753,76055,1980,1870,1963,2078,1788,1669,1425,1153,946,940,511,193,76,89,49,44,54,7,2,6
undefined,3.05896171275914,67633,4596,4384,3826,3333,2638,2058,1206,987,807,392,260,161,87,122,104,86,52,66,35,65
undefined,1.5632714098483,80902,1097,1207,1238,1166,1182,1285,976,863,636,500,399,328,251,216,251,155,179,52,8,7
undefined,4.55543084877605,56201,7041,5988,5315,4635,2860,2661,2236,1612,1162,669,649,701,314,130,185,164,135,155,49,36
undefined,1.88273000646577,81141,1551,1507,1555,1441,1323,1183,1032,770,477,390,133,51,66,70,48,45,42,35,27,11
undefined,1.94386992042589,58910,4366,4391,3922,3673,3411,3056,2433,2119,1800,1614,760,753,568,392,240,198,161,77,39,15
undefined,2.84980604893989,85524,1730,1406,1242,1058,804,612,329,63,85,16,6,7,5,2,2,1,1,0,0,5
undefined,17.9644873665846,32273,20589,11981,8691,5888,4185,3603,2039,1090,334,232,233,176,186,193,243,273,243,150,125,171
undefined,4.7701069952666,77464,5224,3882,2639,1634,653,531,243,199,119,103,67,44,53,24,6,4,5,1,0,3
undefined,1.86912156279431,83880,1214,1185,1111,1041,949,805,752,715,761,316,102,12,15,5,5,28,0,0,1,1
undefined,1.81947871002039,80985,1886,1668,1439,1448,1305,1136,878,752,609,392,203,34,42,74,9,14,1,9,5,9
undefined,13.8274855133403,54924,22846,8064,2827,2220,1232,557,60,29,24,24,14,11,17,9,11,7,5,11,2,4
undefined,0.994659263668551,83246,818,672,755,722,629,628,577,688,610,628,488,443,455,367,330,261,205,176,114,86
undefined,1.83467745321971,69516,2914,2903,2577,2332,2242,2163,2071,1986,1334,1272,538,174,240,228,126,87,101,44,32,18
undefined,9.20904933728633,48811,11839,9883,6521,3693,3039,2244,2074,1187,732,623,529,272,258,213,181,171,151,164,128,185
undefined,11.556421807966,43996,17253,11391,7476,4799,3137,2183,1092,484,344,208,144,94,40,66,41,43,44,24,28,11
undefined,0.990975342419509,90637,187,176,185,179,169,123,157,156,134,124,120,131,96,77,64,69,29,37,30,18
undefined,0.987180113037527,88686,400,405,374,365,318,330,331,336,281,223,242,157,133,97,64,56,45,30,17,8
undefined,4.39738944535997,51945,8220,8000,7981,6393,3473,2332,1487,1093,521,280,167,117,153,149,121,158,123,56,47,82
undefined,2.53055501594293,71844,3585,3195,2892,2676,2345,2093,1628,947,467,368,231,266,125,60,62,38,25,20,22,9
undefined,11.1668710318479,60159,16903,7786,2670,1368,919,704,568,473,521,124,110,125,86,85,73,49,49,46,44,36
undefined,2.61684845738873,83020,2148,1781,1534,1229,969,730,452,237,170,120,104,79,61,29,27,22,40,35,43,68
undefined,3.83701036144325,54690,6594,6810,5988,5550,4133,2880,1425,1120,1000,756,613,535,380,234,62,37,27,18,24,22
undefined,2.47448898435684,60213,5200,4948,4197,3755,3291,2773,2399,1660,1349,953,748,492,288,192,113,99,68,50,67,43
undefined,17.5514473484195,48630,29573,7722,2511,974,748,583,455,438,345,296,204,50,63,62,39,36,31,45,55,38
undefined,0.990827274729289,84984,754,720,686,603,562,552,469,518,443,442,385,281,314,269,243,244,207,130,53,39
undefined,2.78459583919797,69145,4033,4198,3896,3302,2528,1834,1185,520,535,471,341,289,261,181,102,61,7,2,4,3
undefined,3.23200262499703,47765,5379,5618,5911,5512,4337,3851,2778,2352,1793,1446,1140,904,866,787,679,674,490,285,251,80
undefined,11.645284887176,44061,18198,10635,5646,3614,2878,1674,1505,1081,835,574,559,451,230,203,216,217,96,77,99,49
undefined,1,89770,302,273,238,237,211,210,231,176,178,137,170,146,123,103,89,82,73,53,48,48
undefined,3.2955620215923,65958,4972,4729,4704,4430,3603,1986,877,526,396,259,131,106,100,84,10,6,9,7,4,1
undefined,9.99378976653283,60544,15340,8587,3388,1103,638,563,401,329,269,244,278,256,364,217,150,87,63,34,30,13
undefined,5.35622449542554,75906,5995,4309,3058,1625,612,463,275,158,130,70,71,48,29,32,21,24,25,14,14,19
undefined,12.7231013698168,37652,14565,11486,8864,6154,3980,2848,1945,1483,1207,929,543,320,211,113,85,123,81,97,119,93
undefined,17.4316317712277,89112,2643,304,142,162,117,77,73,56,41,53,22,22,14,19,8,8,3,9,5,8
undefined,5.17752999756714,34271,7211,8047,8552,8449,6017,5569,4080,2640,2030,1600,1260,755,446,465,439,357,216,216,204,74
undefined,2.35064820005737,89535,717,657,502,450,321,273,197,103,36,20,15,14,12,17,11,11,0,0,3,4
undefined,1.74943102142279,81809,1679,1581,1335,1244,1202,1053,765,648,482,475,250,163,99,27,6,9,13,8,20,30
undefined,1.79352215194922,80516,1470,1535,1381,1354,1083,1172,1066,935,882,551,345,108,108,84,53,79,89,26,20,41
undefined,3.01342222971095,67647,4383,4312,4162,3463,2978,2563,1124,839,479,341,103,78,93,85,47,30,28,19,44,80
undefined,3.63235408804734,74246,4433,3743,3323,2451,1678,929,313,308,331,254,235,155,180,68,57,55,34,41,49,15
undefined,9.42228697986041,45117,14351,13041,5525,4180,2683,2025,1436,1144,930,839,502,229,149,103,112,138,85,117,83,109
undefined,12.8081075546584,59824,17566,7527,3531,1928,782,623,296,179,186,112,91,71,49,25,22,9,14,21,17,25
undefined,4.38130304021961,75462,5562,4352,3574,2347,825,255,229,168,81,1,4,4,4,5,3,7,4,6,2,3
undefined,2.90092601304162,59126,4800,4528,4103,3842,3435,3122,3093,1611,1360,977,928,546,527,320,213,160,56,71,53,27
undefined,3.75887415585961,81582,3150,2777,2208,1362,803,292,233,125,97,59,37,24,27,16,21,23,27,20,9,6
undefined,3.18913978775367,49747,6478,6208,5699,5182,5214,4006,2381,1968,1536,1430,1037,568,396,321,206,170,161,74,70,46
undefined,11.8674411807737,89999,1591,543,142,124,71,63,43,28,42,45,29,20,21,23,14,19,14,19,17,31
undefined,1.44884126363852,83658,1102,1078,1148,1043,962,778,690,606,522,511,363,210,146,76,1,1,0,0,1,2
undefined,2.57391985473601,47522,5802,5450,5391,5266,4896,4651,3983,2761,1824,1571,1058,683,555,592,426,277,90,38,33,29
undefined,0.995415121974351,84242,678,642,585,630,637,595,506,486,514,514,537,480,433,283,231,259,268,175,133,70
undefined,0.988558230106721,92533,28,21,21,16,27,29,26,22,19,33,22,24,17,14,21,8,7,5,3,2
undefined,2.42132365254216,69447,3507,3230,2998,2822,2596,2471,1913,1176,541,406,458,248,114,123,193,206,178,165,71,35
undefined,2.7402783405593,85834,1567,1171,827,890,697,689,360,152,124,164,161,83,66,32,29,24,9,11,1,7
undefined,1.85241033113473,85288,1249,1054,1035,1007,890,754,518,436,340,182,76,27,15,10,4,4,4,4,0,1
undefined,2.74167289907146,64176,4286,3923,3983,3613,3491,2768,2066,885,871,713,590,428,343,217,171,139,135,45,32,23
undefined,9.37694113546022,54878,13682,11335,6216,3273,1659,669,342,308,173,58,32,49,44,34,44,39,18,21,13,11
undefined,1.86587432131243,87118,786,830,764,749,665,536,451,368,310,238,57,4,3,3,3,2,3,1,1,6
undefined,4.46537028576019,60088,6408,6029,6429,4705,2752,1325,1093,797,659,514,526,346,277,247,193,216,135,63,45,51
undefined,5.20715597569794,34922,7584,7846,8645,8274,5458,4572,3820,2745,2263,1424,1326,1108,954,552,361,320,239,210,198,77
undefined,1.84605161979939,75792,2300,2203,1996,1923,1845,1615,1332,1088,999,684,382,240,230,147,31,23,29,30,7,2
undefined,3.75359926273488,77304,3356,2891,2626,2029,1726,1166,567,216,218,233,139,75,84,67,54,69,34,18,16,10
undefined,3.85273275272753,85677,2074,1508,1145,977,597,220,116,101,125,67,52,42,43,38,43,25,12,11,12,13
undefined,1.59931983909574,84869,1049,1081,977,823,762,722,552,518,361,258,228,161,104,42,55,67,92,86,38,53
undefined,1,81628,895,1011,925,931,857,774,726,668,641,611,562,530,508,377,320,264,274,178,157,61
undefined,2.091476731789,78473,1921,1749,1699,1434,1324,1107,1214,1145,980,700,202,194,181,168,185,121,37,28,21,15
undefined,2.27613430414168,71057,2776,2731,2349,2172,2123,1918,1613,1262,985,637,489,498,413,370,379,305,318,283,173,47
undefined,15.7108679067618,47292,15451,7463,5181,4024,3368,2502,2198,1402,1051,838,627,387,144,147,142,152,169,146,125,89
undefined,2.58661638553923,62875,3987,4007,4179,3854,3847,3361,2369,1327,579,673,416,567,340,162,100,82,71,34,37,31
undefined,6.52621451211188,49429,9982,8982,8193,4854,3801,3086,1647,834,594,361,200,124,160,93,105,97,83,101,97,75
undefined,1.97212058989822,65764,3050,3002,2869,3070,2619,2553,2510,2542,1851,1256,373,273,266,207,276,114,132,97,47,27
undefined,5.37284782584167,61545,8334,7903,6591,3712,1532,995,706,470,351,154,120,153,85,45,40,32,30,23,25,52
undefined,11.6587700411574,49780,14380,10161,6174,3345,2385,1918,1365,1033,666,493,202,171,129,111,112,92,86,95,93,107
undefined,5.45759592600185,50069,8387,7846,6485,4760,3682,2336,1815,1381,1018,971,982,925,824,574,343,239,127,50,37,47
undefined,1.98700969648178,83146,1398,1408,1148,1198,1320,871,873,789,523,184,6,4,4,1,3,8,2,5,6,1
undefined,1.87595565017466,79939,1924,1803,1742,1522,1437,1276,936,859,636,505,175,51,26,4,12,18,18,2,4,9
undefined,14.7697467939561,83401,7194,1347,377,121,54,27,36,21,40,43,42,41,26,30,22,22,15,15,15,9
undefined,4.91109370130614,37877,10075,9420,9954,8426,4487,3858,2716,2286,1436,720,401,205,111,117,148,96,98,141,145,181
undefined,0.98201358456657,89304,317,308,254,252,297,253,250,258,183,192,163,145,141,126,129,106,83,58,54,25
undefined,1.46987922706838,81257,1310,1438,1251,1093,996,1004,890,802,744,679,462,302,209,97,60,62,67,83,61,31
undefined,6.17611124723563,50979,9133,8413,7078,4844,3326,2886,2025,1495,785,609,482,257,229,193,98,17,17,11,13,8
undefined,1.54371548649612,80727,1668,1475,1326,1287,1076,963,975,856,755,516,370,303,187,75,92,112,125,0,3,7
undefined,3.01191568187712,51407,5524,5670,5208,5402,5174,4435,3338,1767,1475,1237,735,416,292,367,232,85,48,35,35,16
undefined,0.93750872859888,92631,25,18,24,18,16,22,25,25,9,8,7,6,5,13,14,14,9,1,5,3
undefined,3.01269087272632,88352,1328,984,819,722,403,164,70,12,9,10,6,3,5,2,2,1,2,1,0,3
undefined,3.39093492673759,73432,5221,4284,3911,2738,1595,839,170,137,107,86,80,52,51,47,56,36,29,17,3,7
undefined,2.59052935284581,77333,3161,2767,2363,1986,1675,1335,979,427,223,169,179,154,71,20,19,9,5,12,5,6
undefined,0.993911621934633,86161,527,461,488,521,538,541,501,479,369,383,337,295,218,229,216,190,156,135,102,51
undefined,1.70307906176413,81061,1522,1456,1323,1103,1131,1086,1023,793,593,708,382,172,98,91,101,130,122,0,2,1
undefined,0.992070406590329,91476,95,71,87,75,89,81,71,91,88,89,83,99,72,54,49,54,44,58,35,37
undefined,0.992590948909709,91679,101,102,88,59,99,68,87,53,72,85,64,58,57,46,48,37,51,27,12,5
undefined,2.2100440317062,72680,2753,2512,2320,2227,2244,2032,1633,1624,920,390,255,250,229,195,186,146,156,81,34,31
undefined,4.62341026860217,49210,6870,6849,6072,5542,4372,2981,2616,2006,2020,1461,938,745,541,279,184,97,54,18,13,30
undefined,6.50141682238926,51235,10556,10045,8861,4117,2780,2154,908,494,363,257,228,230,231,194,78,58,47,29,18,15
undefined,2.42345861279616,69588,3492,3237,2861,2486,2403,2167,1663,1364,790,400,482,462,441,304,249,138,110,80,95,86
undefined,0.981190387197299,91138,106,135,95,80,113,119,115,149,143,155,104,70,65,80,40,47,56,25,46,17
undefined,1.60040361473582,89139,601,572,479,451,385,336,304,205,157,113,87,49,2,2,5,0,5,1,1,4
undefined,2.48373310926291,77832,2721,2599,2364,1945,1676,1259,1073,568,246,216,71,68,65,57,48,45,18,14,12,1
undefined,1.41717642923906,84925,883,939,1002,906,762,626,577,477,367,284,271,250,190,199,35,42,26,28,33,76
undefined,1.77723525424948,81605,1525,1465,1339,1275,1274,1169,916,836,649,438,240,46,38,21,35,5,8,6,5,3
undefined,2.42728870413998,74867,3440,2893,2655,2492,2098,1599,1109,590,186,190,138,117,110,140,67,61,57,45,28,16
undefined,10.9731402625125,43623,13229,11012,6465,5939,3780,2371,1420,1325,1084,862,518,315,200,94,94,107,133,82,118,127
undefined,3.37600397548783,52928,6701,6554,5971,4926,4508,3122,2087,1767,1021,768,650,512,401,347,221,158,107,63,36,50
undefined,3.45637046113377,72258,4475,3765,3423,3008,2441,1346,326,428,154,103,97,150,137,156,116,141,167,62,72,73
undefined,0.997391254026481,91480,138,142,150,92,77,91,68,92,93,61,46,56,64,62,43,39,33,30,23,18
undefined,4.47516013171423,63580,7180,6772,5908,4427,1687,1027,859,562,131,117,90,95,68,90,58,68,76,54,27,22
undefined,1.07575545890639,92754,18,7,7,14,5,6,10,6,8,6,5,11,10,10,4,6,1,4,5,1
undefined,0.997631221599285,90028,220,215,187,192,182,239,257,160,157,171,105,114,126,97,129,115,78,68,40,18
undefined,0.998958952504749,87467,458,485,417,464,419,377,322,346,347,264,237,246,228,206,205,131,113,78,70,18
undefined,1.84732823032145,76174,2187,2019,2015,1835,1603,1452,1258,1181,1128,779,456,179,253,121,117,67,71,1,1,1
undefined,3.92737490856644,46229,6435,5829,5944,5854,5258,3728,3241,3010,2274,1864,1025,509,421,313,274,286,205,107,66,26
undefined,1.42411015610477,90020,335,319,409,322,299,219,210,167,128,106,64,67,42,48,24,31,18,17,18,35
undefined,1,84841,562,652,586,531,547,538,530,445,462,433,364,371,407,361,268,298,296,213,137,56
undefined,2.47731598755298,73702,3186,2812,2528,2123,1973,1769,1568,877,467,346,254,288,216,206,212,167,126,50,24,4
undefined,2.63761794657699,67934,4852,4359,3937,3430,2729,2302,1339,600,455,332,230,149,109,49,25,23,23,10,6,5
undefined,1.82992773836673,91177,258,197,182,197,175,145,167,90,67,69,36,34,24,17,15,16,14,9,5,4
undefined,2.23208118395976,79772,2222,2069,1903,1765,1634,1306,866,530,265,113,105,107,111,40,33,27,20,4,2,4
undefined,0.990850629430001,84816,684,662,587,591,623,575,550,520,513,458,405,316,345,289,253,212,192,146,102,59
undefined,2.16040153855127,75930,2297,2256,2097,1844,1829,1577,1345,1151,987,467,355,121,126,107,84,72,56,53,85,59
undefined,4.1374934816074,61722,7636,6579,5572,3927,2737,1123,976,466,385,286,284,249,175,126,129,130,102,71,119,104
undefined,1,89082,333,373,326,361,328,225,282,257,199,235,215,145,123,101,78,56,48,51,39,41
undefined,2.68516570187327,64111,5066,4373,4055,3539,3226,2456,1724,1087,813,790,576,448,290,186,78,16,19,19,10,16
undefined,0.985526468688677,92003,64,65,68,50,43,55,59,45,55,64,57,38,32,35,42,33,23,26,18,23
undefined,1.92989288099847,85956,906,876,769,658,638,553,657,496,327,257,184,231,250,104,7,7,8,4,6,4
undefined,1.75391177320021,85543,948,915,824,736,752,646,566,461,376,329,180,77,71,94,95,106,120,15,12,32
undefined,1.77562583245375,87980,721,623,580,533,480,412,382,282,288,237,145,65,82,14,11,15,10,15,4,19
undefined,5.44314740746155,73612,6924,5069,3544,1786,786,527,171,135,64,29,37,43,32,31,28,14,20,11,18,17
undefined,0.959766538694085,92864,1,2,3,2,1,2,2,1,1,1,2,2,0,1,8,0,1,2,1,1
undefined,1.36078850981201,85524,635,720,643,621,583,624,506,550,456,394,422,303,279,235,104,65,55,40,61,78
undefined,2.81861966776623,77837,2987,2404,2147,1957,1902,1537,1046,164,176,96,88,104,88,69,52,45,47,44,45,63
undefined,2.12620914655547,75382,2632,2240,2250,2272,1968,1625,1284,887,653,345,216,240,197,162,150,63,76,95,105,56
undefined,6.12281007903589,58276,8708,8350,5828,3037,2267,1481,989,836,444,370,397,485,391,276,165,168,203,62,75,90
undefined,2.01222533220111,83411,991,1092,1125,1031,885,798,674,632,547,365,284,264,90,81,103,86,110,117,132,80
undefined,1.85028093644183,78991,1759,1711,1732,1412,1482,1364,1387,1008,976,661,314,11,10,11,11,6,15,19,11,7
undefined,2.49324112720521,80404,2447,2130,1849,1522,1488,1128,826,518,136,101,201,47,45,34,6,0,6,2,6,2
undefined,18.3170408417875,56490,25281,6286,2283,782,678,338,82,113,95,64,80,41,39,33,31,34,31,36,51,30
undefined,1.59452183269243,82737,1371,1152,1009,893,887,829,688,665,460,458,388,275,181,171,137,122,117,133,102,123
undefined,11.6032164052381,84262,5762,1559,173,132,100,102,101,102,122,107,92,60,42,43,31,24,34,27,21,2
undefined,2.54630272364128,58518,4397,4417,4509,3997,4097,3308,2850,1923,1071,1092,817,605,315,292,228,176,137,94,23,32
undefined,4.91376439276113,57787,5833,5505,5264,4246,2775,2307,2397,1797,1749,877,629,513,312,323,269,122,44,48,61,40
undefined,1.63806822486925,86142,816,740,659,537,477,484,459,489,456,392,271,225,110,133,122,90,92,96,43,65
undefined,9.88392972217851,59167,10840,7196,4255,2674,1789,1312,1015,854,790,720,453,330,322,374,209,150,100,103,127,118
undefined,3.48208290238009,73377,3760,3722,3609,3119,2452,1428,674,108,105,99,97,38,41,33,35,46,33,34,45,43
undefined,11.9781190915708,68484,14462,7329,1499,342,63,29,38,19,36,35,16,31,50,39,42,49,81,102,69,83
undefined,1.8744293576731,92630,44,18,22,28,16,8,9,7,10,18,19,10,7,11,11,8,4,9,6,3
undefined,2.77069592828749,71425,2991,3087,2581,2770,2343,2064,1769,967,584,563,460,262,234,195,130,86,114,96,96,81
undefined,2.63551000334675,42458,4722,4952,5115,5589,5899,6042,6044,4169,2415,1372,1100,969,559,508,384,187,141,132,76,65
undefined,1.75207386659314,88722,687,565,522,505,438,378,316,249,250,122,82,32,6,9,6,1,1,2,1,4
undefined,10.8630834467956,40226,13688,9765,5493,4504,2825,2245,2360,2056,1975,2017,1754,1131,996,544,499,287,207,145,113,68
undefined,4.76672869145296,52788,6669,6048,5501,5655,4635,3270,2374,1672,883,743,639,470,348,334,188,165,149,196,91,80
undefined,1.28571289728259,86794,637,657,603,514,554,468,407,449,346,326,308,252,196,200,97,34,14,15,17,10
undefined,4.84011026777522,48711,6511,5922,5971,5103,4029,4024,2855,1891,1478,1288,1043,911,830,709,487,388,258,251,175,63
undefined,1,86883,513,530,449,443,491,414,360,310,318,320,286,304,297,269,210,125,125,118,78,55
undefined,3.64379200104301,80327,2619,2501,2260,1888,1263,565,320,270,261,140,86,95,99,101,62,13,3,11,8,6
undefined,0.99834234927581,88979,320,356,345,301,281,297,260,200,207,200,189,182,177,156,144,82,106,50,46,20
undefined,2.49330487428034,75523,3067,2605,2268,1952,1867,1668,1096,660,351,260,294,234,204,185,136,100,75,81,120,152
undefined,1.23492909701092,83583,897,798,949,861,809,699,596,604,571,496,456,373,376,259,142,138,58,53,51,129
undefined,2.60259793159842,86473,1313,1006,864,893,623,461,284,207,171,172,93,83,61,51,45,34,24,32,5,3
undefined,1.36607631488999,91693,137,157,136,110,107,121,90,99,54,60,39,38,30,18,5,0,0,1,1,2
undefined,2.74478628780031,79857,2579,2268,1869,1479,1195,953,849,452,321,207,113,125,102,95,63,59,69,78,91,74
undefined,5.84494247794906,46902,9130,8886,7497,3996,2969,2825,2318,1516,1315,1166,899,772,598,566,578,400,191,161,103,110
undefined,1.774285391098,84256,992,896,974,917,966,883,681,647,539,486,251,61,54,69,46,55,47,15,17,46
undefined,2.65644079785173,76380,3085,2631,2313,2164,1871,1468,987,542,339,258,256,219,196,55,48,12,10,22,13,29
undefined,1.68907852712586,83423,1329,1153,1084,1002,996,925,792,736,613,401,269,109,18,21,5,5,5,3,7,2
undefined,2.998494376923,80178,2956,2301,1992,1616,1392,907,441,313,81,70,63,68,52,50,83,91,76,69,52,47
undefined,2.24459855959956,70783,3178,3014,2825,2664,2363,2052,1661,1581,896,313,343,268,369,99,156,126,81,77,24,25
undefined,3.07328987785537,71720,3909,3461,3024,2626,2530,1910,925,678,564,436,366,162,144,130,101,46,34,55,43,34
undefined,2.16832669172027,78556,2151,1899,1800,1733,1464,1377,1185,1043,595,293,118,132,153,168,56,75,46,30,12,12
undefined,1.2059489246443,86269,569,537,521,549,500,519,470,420,440,340,334,319,213,193,170,110,66,79,162,118
undefined,2.80997683875462,73379,3054,2768,2462,2500,2398,1827,1397,665,540,466,383,287,186,101,58,81,65,85,113,83
undefined,3.38654790325689,64695,5037,4819,4518,4006,3382,2071,1095,977,584,482,373,161,158,124,112,75,56,53,35,85
undefined,1.85467096428804,85333,1226,1067,1051,840,722,630,552,495,335,246,191,88,41,21,20,13,8,7,7,5
undefined,1.89831854142306,84316,1402,1230,1207,877,922,768,720,534,433,353,77,17,10,4,6,5,4,3,1,9
undefined,2.0232053864304,88778,708,645,553,486,431,418,384,238,161,52,9,5,5,4,4,7,3,0,5,2
undefined,0.917131253590932,92781,15,18,17,11,9,4,7,10,2,4,5,3,2,2,1,1,1,2,1,2
undefined,0.994468825834264,83393,827,738,740,744,740,734,648,711,546,527,461,447,399,339,238,176,184,132,113,61
undefined,0.986021976223919,87162,503,477,408,472,417,370,318,335,307,287,342,304,284,272,208,162,125,72,51,22
undefined,1.76420654865163,79361,1723,1659,1617,1604,1423,1268,1261,1018,843,535,392,144,9,7,9,8,13,0,1,3
undefined,1,85661,468,471,523,530,528,531,532,545,449,384,335,348,302,244,227,218,180,194,150,78
undefined,0.771301955935782,92882,1,1,1,8,1,1,0,0,0,1,0,0,0,0,0,0,1,0,0,1
undefined,0.995830330160373,84577,530,436,443,540,532,508,526,549,507,429,397,441,427,358,333,312,318,266,235,234
undefined,4.8178884182199,54109,6127,5744,5419,4911,3684,3897,2324,1524,1132,1114,805,807,523,466,103,40,43,62,30,34
undefined,1.80627354108367,79366,1772,1535,1535,1344,1279,1248,1151,984,719,565,448,224,354,155,75,41,54,14,9,26
undefined,0.964101832222422,92488,55,41,49,31,28,24,26,33,24,16,16,18,11,8,10,4,7,2,6,1
undefined,2.24390091712715,76688,2278,2103,2087,2256,1748,1458,1200,1015,780,528,203,203,135,55,43,37,26,27,23,5
undefined,0.979169236607528,92331,60,56,38,34,33,35,38,29,30,25,21,8,10,13,17,19,25,34,33,9
undefined,1.95207117645141,92031,152,96,103,106,125,101,68,53,31,25,5,1,0,0,0,0,0,0,0,1
undefined,1.8480056637878,83596,1176,1288,1304,1223,938,778,764,666,380,243,141,79,48,43,53,35,32,39,34,38
undefined,0.992453180099199,89481,342,367,335,261,278,222,227,203,204,164,134,116,100,125,106,76,58,32,35,32
undefined,1.38696639433509,79462,1648,1712,1598,1437,1373,1160,965,864,692,558,489,352,252,202,30,30,6,16,16,36
undefined,6.07587068822162,78190,5172,3759,2628,957,714,426,296,174,84,81,81,56,51,73,48,30,21,19,25,13
undefined,0.998449354278972,91112,132,137,133,123,146,114,122,79,97,108,104,91,94,88,59,56,41,25,24,13
undefined,2.97254437226298,71546,4365,3913,3686,2905,2106,1487,884,547,347,311,197,192,93,89,56,41,30,38,45,20
undefined,1.32081139398935,91934,116,98,109,111,103,88,72,66,57,43,24,22,23,19,9,0,1,1,0,2
undefined,1.72116686693292,92008,177,157,125,104,67,58,50,52,43,37,11,3,2,1,0,0,1,1,0,1
undefined,0.996477280809296,87294,506,468,411,398,404,378,307,342,345,347,293,308,223,170,186,169,148,72,83,46
undefined,2.81573947888771,69722,3684,3407,3294,2914,2688,2122,1909,595,419,335,375,279,231,199,207,148,161,125,58,26
undefined,0.98639365224008,88365,335,318,329,262,304,292,263,273,297,284,269,278,213,176,200,151,85,92,71,41
undefined,1.97017811632124,73750,2378,2141,2176,2033,1897,1772,1611,1266,961,807,383,369,348,225,209,227,114,115,91,25
undefined,0.987451046438774,88427,377,366,374,371,324,301,298,299,292,278,241,184,153,113,115,101,105,73,62,44
undefined,0.985601901812091,90223,234,232,231,221,199,132,148,150,174,112,103,125,130,96,78,94,63,82,36,35
undefined,4.5675217064538,67952,4886,4378,3912,3254,1567,1173,845,680,654,532,497,522,481,502,245,219,238,164,125,72
undefined,0.928261571568559,92500,45,19,32,25,22,25,41,33,28,30,22,16,10,8,10,7,7,3,11,4
undefined,0.989301840926617,88810,369,305,289,296,275,303,325,272,268,238,190,196,188,142,152,100,93,49,24,14
undefined,0.994573563668724,89886,303,337,290,274,228,194,187,155,145,128,155,140,82,86,89,76,54,50,23,16
undefined,0.995335674949059,89994,195,198,208,193,170,143,135,155,178,174,136,169,138,144,122,129,117,102,57,41
undefined,0.993388226056602,87042,550,584,525,472,442,386,354,307,294,271,263,236,193,194,152,128,146,122,104,133
undefined,3.47599517867584,87712,1426,1170,1014,797,556,142,7,11,5,1,2,6,5,5,8,6,5,2,3,15
undefined,1.51227022452508,85564,683,682,679,600,594,588,630,622,601,432,319,309,183,185,207,3,1,5,5,6
undefined,0.954734756411647,92696,8,19,18,12,13,9,5,13,5,7,11,7,9,3,7,10,14,19,8,5
undefined,1.95556931256655,83452,1587,1374,1293,1033,966,738,613,512,390,340,144,104,82,99,91,40,23,12,3,2
undefined,1.78535734597786,81240,1552,1571,1472,1200,1105,931,833,781,664,456,308,130,122,148,58,61,57,63,62,84
undefined,5.17942817430495,54161,7814,7459,7517,5641,3351,2379,1223,1001,456,360,309,266,318,292,133,59,45,49,33,32
undefined,3.41684329234187,77902,3260,2792,2201,2058,1598,1178,318,292,254,250,239,159,105,89,29,33,19,38,35,49
undefined,312.755238168369,86544,5187,27,35,45,143,73,26,61,46,20,34,47,45,28,43,70,56,83,147,138
undefined,39.0056820903595,90933,831,48,12,10,15,22,37,36,64,103,114,65,67,88,83,67,64,95,84,60
undefined,9.14602383133455,91083,519,179,35,9,20,28,39,49,51,70,77,68,93,91,93,117,93,63,69,52
undefined,1.93522825555688,87815,649,628,598,546,463,343,299,485,303,177,89,86,82,84,47,51,35,52,27,39
undefined,0.988546714383753,87968,343,372,292,301,301,347,333,309,298,310,244,247,235,235,179,224,148,101,73,38
undefined,7.97206839633147,91541,173,142,66,33,40,69,60,63,68,53,57,44,57,78,60,57,47,77,49,64
undefined,1.31545547459005,83742,915,911,852,720,688,690,608,653,662,458,404,319,322,280,205,102,70,68,89,140
undefined,0.997161768939085,87347,384,366,361,364,370,349,350,335,314,326,296,371,254,237,195,183,172,118,170,36
undefined,3.5122393067408,64489,4621,4510,4447,3870,3183,2130,1241,1066,704,531,412,321,171,169,146,189,229,250,156,63
undefined,1.36767219493932,85275,766,821,819,635,680,597,565,525,464,453,365,251,189,167,66,36,44,38,38,104
undefined,2.65453247705287,91462,124,177,146,149,82,57,66,25,13,12,14,15,19,21,35,86,120,114,57,104
undefined,2.00712843732405,80357,1977,1820,1590,1441,1357,1168,959,705,414,293,95,125,133,161,71,40,68,40,47,37
undefined,0.984541841708372,91869,65,73,80,81,91,56,54,52,45,72,73,53,41,51,51,30,20,14,18,9
undefined,0.991592810815023,89920,249,227,250,221,231,203,177,159,151,170,136,143,133,109,99,86,83,58,49,44
undefined,1.31718742024087,90058,303,312,276,229,231,180,154,182,162,141,146,139,164,68,50,19,15,14,9,46
undefined,1.6527778867324,86548,789,800,764,679,627,496,473,486,418,323,247,114,27,19,15,12,14,9,11,27
undefined,1.3597619761144,82359,1163,1076,1053,1031,906,804,734,610,617,510,463,365,293,251,168,131,121,78,65,100
undefined,0.945090408840338,92804,12,18,14,5,7,4,2,5,5,4,1,4,7,3,0,0,0,1,0,2
undefined,0.996761377155295,90982,127,120,148,148,145,125,164,138,133,109,109,65,73,62,56,34,64,43,28,25
undefined,0.991718001410208,92162,57,23,31,18,12,20,11,9,14,14,37,84,79,66,80,53,58,29,28,13
undefined,2.54416881235515,92035,69,25,14,53,19,28,24,34,25,19,19,36,56,68,53,45,43,63,86,84
undefined,1.820081501369,81982,1509,1401,1367,1081,1028,903,869,631,530,443,260,135,243,70,65,56,80,87,72,86
undefined,2.14169021186009,87055,920,809,792,777,619,551,454,305,211,173,27,29,32,33,26,15,15,13,21,21
undefined,0.996773947133199,87262,438,450,429,408,402,341,325,262,297,301,285,288,356,259,188,168,152,122,114,51
undefined,0.998924739920389,84772,715,700,619,621,521,505,582,458,482,515,437,383,333,286,295,229,172,123,82,68
undefined,0.998892032886739,86044,580,530,520,550,447,448,453,444,382,383,256,304,252,252,234,248,217,176,113,65
undefined,0.992709172753492,89412,283,281,260,245,266,220,198,224,214,183,172,154,136,146,129,109,99,79,65,23
undefined,0.999999999997335,85372,678,587,601,600,571,503,481,442,461,413,358,384,309,273,238,190,152,130,108,47
undefined,1.43032039788312,82528,913,937,832,892,768,675,780,799,751,659,607,367,273,281,134,136,184,192,78,112
undefined,1.5622211987245,88255,610,578,500,506,372,321,273,273,228,269,170,153,83,82,50,21,41,27,39,47
undefined,0.991018099731935,90826,177,169,181,193,209,169,156,113,108,108,104,72,66,55,58,54,34,13,20,13
undefined,2.60327269537797,73444,3558,3149,3233,2654,2174,1736,1197,628,415,233,73,87,83,41,41,53,41,30,14,14
undefined,0.990802670486084,89219,323,281,282,254,304,250,221,246,246,188,176,145,159,138,122,102,91,51,51,49
undefined,0.993416893191795,89302,392,329,349,327,261,221,209,196,196,182,140,165,111,85,125,116,80,42,34,36
undefined,0.995230697346605,83797,759,721,713,684,609,579,601,664,589,435,420,366,407,330,299,280,245,199,123,78
undefined,1.37874523225152,79612,1693,1603,1293,1240,1155,1017,991,867,780,708,577,440,347,282,114,26,24,28,48,53
undefined,1.36680405757288,79835,1506,1317,1256,1165,918,946,890,930,843,789,681,524,416,323,171,103,96,45,41,103
undefined,2.42925259622339,69908,3475,3257,2815,2802,2450,1933,1859,1343,680,523,458,419,398,98,92,129,60,87,78,34
undefined,2.45632766678593,85178,1532,1461,1276,932,775,628,442,281,44,39,36,60,29,36,35,28,22,17,29,18
undefined,0.989503764055937,90078,237,191,204,214,287,250,218,171,161,155,145,132,104,122,60,47,46,45,23,8
undefined,1.09112693889795,86569,396,387,422,406,362,361,371,333,277,348,418,281,268,245,191,174,207,184,398,300
undefined,0.993662454876095,92351,38,38,56,59,35,35,32,38,24,28,27,20,21,27,20,12,5,7,9,16
undefined,2.9162574290969,91378,391,304,284,210,167,92,36,9,2,8,1,6,0,4,2,0,2,0,0,2
undefined,0.962617874294143,91081,140,158,135,125,110,109,135,118,104,115,74,92,72,86,73,55,46,30,23,17
undefined,1.76356778048552,72557,2403,2173,2052,2156,1899,1821,1634,1451,1171,906,746,387,253,319,331,342,160,66,39,32
undefined,0.95873560006916,91735,87,99,108,83,67,85,88,74,56,46,65,51,71,36,47,29,26,29,9,7
undefined,3.62995939016805,61964,5398,5330,5494,4611,3924,2093,1374,881,498,339,224,178,122,132,96,96,67,26,26,25
undefined,1.03578603849586,88367,428,384,424,366,346,352,305,271,260,231,247,183,203,135,88,95,48,55,56,54
undefined,3.61241379700373,84218,2277,1850,1549,1009,660,244,228,247,146,126,73,43,41,29,38,33,26,24,24,13
undefined,0.984105735456055,91178,181,123,148,124,133,149,128,104,125,96,74,76,74,53,33,28,20,28,17,6
undefined,0.995010759415543,85754,508,493,484,496,537,464,468,448,409,383,423,332,310,388,322,224,178,172,83,22
undefined,1.89647217320743,73408,2266,2298,2207,1874,1767,1519,1502,1279,1092,966,663,399,394,423,226,189,151,119,96,60
undefined,1.64605950710813,81035,1272,1171,1199,1110,1099,1191,970,948,844,875,586,310,46,63,42,29,15,26,26,41
undefined,1.73336516370315,88160,664,506,506,468,435,444,424,403,293,188,157,74,48,34,22,21,16,10,21,4
undefined,0.993522530153392,91307,151,112,116,116,102,93,120,129,92,103,79,69,60,48,50,35,33,32,27,24
undefined,0.988326126844172,90989,169,182,195,137,194,178,138,103,106,119,89,36,57,39,41,39,22,32,16,17
undefined,0.994113367283208,85595,552,552,582,434,495,490,435,377,383,446,385,342,329,284,270,206,160,209,302,70
undefined,0.983975335894423,91034,152,150,130,136,120,123,126,109,112,120,95,99,103,88,68,66,28,19,10,10
undefined,0.997473150426341,86412,653,539,502,549,467,429,474,377,357,323,265,354,309,198,193,189,116,93,69,30
undefined,1.54885692966262,84970,1118,901,862,721,697,651,665,605,482,430,279,204,117,9,27,28,25,38,20,49
undefined,1.11323495018602,85284,685,610,639,587,559,549,574,500,429,408,375,339,373,291,203,176,136,113,18,50
undefined,0.995583710987135,91918,63,73,106,118,77,78,63,50,53,27,48,40,10,18,25,21,15,18,16,61
undefined,0.998924739927295,90020,268,229,222,240,279,214,180,167,190,161,160,149,99,93,61,55,47,35,19,10
undefined,0.993831081492452,90230,209,259,202,166,180,164,219,233,165,157,107,118,144,85,61,48,57,45,33,16
undefined,0.998853826109814,82166,845,823,811,756,757,822,835,710,621,628,554,524,491,317,310,291,239,203,132,63
undefined,1.09638760610113,84772,786,792,673,696,652,581,513,413,443,447,319,358,349,280,215,184,130,97,40,158
undefined,0.973419281341256,92622,9,10,12,14,16,18,11,5,28,26,14,36,20,6,14,8,6,4,12,7
undefined,0.992710180946983,88983,417,368,355,327,311,272,251,236,230,189,197,141,135,115,129,84,72,51,26,9
undefined,0.996348350465099,88260,366,377,366,373,330,382,328,268,253,241,265,230,206,134,130,118,99,72,66,34
undefined,0.909100296416448,92600,10,16,18,22,20,11,13,19,22,19,13,32,18,16,6,11,17,10,4,1
undefined,0.994530508849805,85064,515,537,534,508,498,566,524,478,541,524,449,433,373,295,288,261,182,147,135,46
undefined,0.990191032455394,87753,544,489,425,388,390,336,314,317,290,225,266,219,187,165,155,113,108,88,74,52
undefined,0.948145396734139,91364,130,116,133,103,127,121,123,111,71,85,71,63,49,54,44,46,30,25,13,19
undefined,0.989357054039114,90971,183,189,175,157,119,107,109,139,141,102,90,104,63,61,35,44,31,30,25,23
undefined,1.94950789625205,87648,560,639,542,532,518,559,501,473,230,173,97,78,102,111,56,20,22,19,10,8
undefined,1.97020799156361,91711,174,165,136,122,100,91,83,67,64,28,25,7,12,27,12,17,10,17,8,22
undefined,0.989356408497536,92034,87,71,60,79,92,56,55,44,56,38,30,42,39,33,27,26,4,8,2,15
undefined,0.983650011206023,89297,310,297,289,302,271,269,243,236,217,198,145,159,160,126,110,80,61,61,33,34
undefined,0.994631810561387,84561,736,711,712,673,610,611,598,510,506,396,419,372,359,311,243,230,144,104,49,43
undefined,1.44833672554277,83278,1056,995,994,915,926,822,718,646,519,527,414,391,215,107,67,83,90,41,33,61
undefined,0.908491069409529,92856,4,2,9,2,3,5,2,6,0,2,1,0,1,0,1,1,1,1,0,1
undefined,1.61409476652179,87139,604,567,606,600,546,459,447,407,327,294,266,197,72,61,59,56,48,52,37,54
undefined,1.4245261424944,89049,398,397,351,291,283,229,298,247,256,221,185,213,112,86,47,46,49,34,36,70
undefined,0.99834234927581,87567,499,502,460,488,465,407,401,361,324,229,205,188,220,146,115,82,107,70,41,21
undefined,0.984467775433055,91696,128,93,92,126,101,85,78,84,51,34,51,63,51,39,20,34,34,27,6,5
undefined,1.91079940936102,90039,409,345,354,265,227,248,204,170,133,114,91,97,71,24,26,22,20,19,14,6
undefined,4.44603140319045,81612,2524,2142,1687,1471,603,438,383,341,300,192,166,209,133,149,190,85,84,90,53,46
undefined,0.978945137458392,88576,348,377,351,346,313,269,297,291,290,281,205,219,212,179,119,81,56,52,20,16
undefined,0.993130729079497,90564,180,160,223,230,221,153,116,87,110,111,116,120,68,75,94,88,88,38,37,19
undefined,0.993961816219576,90938,110,126,185,186,179,176,115,93,106,119,135,96,53,59,61,54,42,25,17,23
undefined,0.989371444886638,90638,211,183,159,149,175,175,174,136,122,120,107,92,98,90,53,58,54,45,44,15
undefined,1.88797158176352,88971,434,400,426,476,421,371,447,501,227,128,41,6,5,10,3,3,8,5,6,9
undefined,2.33727129152602,82316,1319,1145,901,886,869,858,717,757,652,569,439,405,319,270,176,70,62,71,62,35
undefined,1.94886211603317,86250,872,824,785,682,716,663,465,378,279,210,117,100,108,111,88,65,76,74,21,14
undefined,0.996111685312184,88973,299,334,287,283,263,305,284,251,254,215,153,154,165,139,128,141,95,93,54,28
undefined,0.999460497261081,90792,205,180,186,153,202,165,138,131,121,116,131,98,58,59,61,46,18,16,13,9
undefined,0.866095266229208,92868,3,3,3,2,5,0,2,3,0,1,2,0,0,1,2,1,0,1,0,1
undefined,1.73674924151105,87453,647,642,556,476,428,529,423,422,286,275,194,97,56,83,55,45,66,52,59,54
undefined,0.996329257564086,88718,326,317,334,303,275,300,324,282,325,237,174,185,149,153,153,121,85,54,54,29
undefined,0.990827274729289,88589,331,320,290,307,259,265,288,288,286,291,225,263,220,175,129,110,80,68,74,40
undefined,1.9167655535669,84097,1274,1368,1368,1070,952,817,704,541,335,228,44,17,13,15,16,7,10,10,7,5
undefined,1.41015509261095,88283,445,457,473,434,385,383,380,339,275,259,205,141,104,81,67,40,24,21,40,62
undefined,0.986485392611373,89267,295,363,332,307,281,273,246,171,202,224,195,112,120,85,107,92,56,70,64,36
undefined,1,83163,820,706,731,712,609,757,668,613,552,554,510,421,401,375,388,323,217,188,130,60
undefined,0.995948802673534,91509,115,128,157,118,104,83,90,82,54,55,43,57,63,50,37,36,43,35,23,16
undefined,1.54941367672936,91875,218,141,139,93,87,98,84,55,45,33,12,7,3,0,2,1,1,1,1,2
undefined,0.990855340658104,90785,205,206,145,150,140,144,137,136,122,96,101,80,101,89,87,59,44,29,24,18
undefined,1.97276576758332,89495,327,325,325,340,337,486,382,188,134,128,73,55,59,62,44,50,29,34,20,5
undefined,0.993364656920666,88457,440,426,381,409,336,321,272,262,257,244,233,183,162,122,106,102,73,47,30,35
undefined,0.97818279353674,91383,91,100,122,82,89,111,110,103,85,87,77,84,95,52,48,51,49,37,22,20
undefined,1.21004418955393,89655,230,245,181,211,232,203,240,229,185,226,201,190,161,125,90,113,45,33,31,72
undefined,0.986855039714294,92159,38,45,56,50,42,52,50,50,43,39,35,24,36,37,27,34,25,26,15,15
undefined,0.991732651158128,89691,287,234,263,251,238,216,199,175,191,156,187,155,99,130,112,96,75,76,50,17
undefined,0.989266578255117,91738,71,71,63,74,65,62,69,52,70,70,69,77,82,53,45,35,48,39,36,9
undefined,0.988060385383508,91546,104,86,106,87,71,70,81,83,88,88,93,89,74,46,35,40,32,28,25,26
undefined,0.984715516413014,91244,123,106,131,83,102,111,103,71,93,108,80,90,92,81,73,87,54,34,15,17
undefined,0.98651538528244,92291,35,40,48,30,20,30,34,49,37,28,28,29,31,18,24,28,39,30,19,10
undefined,0.895199268937624,92755,6,4,9,5,16,11,8,16,22,14,7,3,8,6,4,3,0,0,0,1
undefined,1.90229873114157,88846,752,620,515,446,388,334,275,177,160,163,74,23,21,20,17,16,13,13,13,12
undefined,0.992087281834105,91611,138,124,96,109,83,83,73,95,63,79,78,61,40,41,35,33,28,16,8,4
undefined,0.980396653871867,91145,178,139,175,123,114,138,136,118,103,88,87,91,59,51,53,31,24,24,15,6
undefined,0.988680075851612,91793,75,61,66,71,52,52,68,70,80,72,65,52,57,53,51,54,37,39,20,10
undefined,0.993917237469776,92143,60,71,48,61,55,53,71,46,36,40,37,40,33,31,12,16,14,15,6,10
undefined,0.998265147535096,91665,82,62,61,56,81,65,75,69,58,67,73,74,78,67,74,50,72,39,20,10
undefined,0.98885861724527,90323,208,228,217,177,161,155,132,140,154,152,144,129,117,100,82,90,63,62,38,26
undefined,0.990576884047523,91993,64,63,25,58,68,59,63,50,51,59,58,44,63,63,44,18,22,18,11,4
undefined,0.96043991911046,91957,49,58,70,50,65,60,52,62,56,59,73,53,32,43,36,27,27,37,23,9
undefined,0.995470457720277,90936,159,147,156,133,103,116,99,106,106,117,107,106,95,81,80,84,80,45,27,15
undefined,1.16861134635527,92855,9,6,4,2,5,3,6,2,0,2,0,1,0,0,0,0,0,0,2,1
undefined,0.983077792368683,91627,147,133,121,95,106,103,92,79,71,51,45,35,31,51,49,19,17,12,10,4
undefined,1.62809590986937,89119,495,454,383,348,330,293,269,243,194,151,155,121,62,46,39,34,29,37,30,66
undefined,0.942506972343961,92766,11,9,7,6,5,3,8,5,6,5,6,12,16,7,5,1,1,7,8,4
undefined,0.996940406708525,89209,242,222,233,250,225,243,218,194,249,237,202,246,223,186,166,119,76,71,50,37
undefined,0.994910653167151,89162,337,317,302,253,259,261,276,250,220,217,144,149,187,86,103,133,98,64,57,23
undefined,0.944763432969704,92046,75,63,60,48,74,72,77,87,51,38,39,29,21,19,24,21,18,18,14,4
undefined,0.974689298161188,92238,89,92,99,56,58,53,42,21,21,23,24,18,15,7,11,8,6,2,9,6
undefined,0.997108459748838,86145,519,498,544,473,480,418,483,507,515,377,337,324,347,232,180,159,124,96,100,40
undefined,0.983394530054508,91385,142,135,97,75,108,97,101,107,91,86,68,63,62,80,59,48,32,28,23,11
undefined,0.956829765841467,92112,115,110,79,80,99,63,36,34,29,26,21,14,18,21,11,11,7,7,2,3
undefined,1.04370215617807,89115,362,282,313,283,232,276,268,237,231,202,162,194,140,102,105,93,80,96,40,85
undefined,0.913235712335137,91555,104,113,107,110,132,145,88,79,80,85,70,65,39,35,27,35,13,7,4,5
undefined,0.967754727609126,91734,94,88,73,62,68,73,67,57,60,71,70,52,66,49,57,45,47,33,18,14
undefined,0.983759886393889,91809,65,83,74,86,71,47,59,77,87,52,78,61,61,51,37,29,25,21,20,5
undefined,0.955117032601521,91697,110,88,98,92,104,88,91,81,73,76,71,44,60,30,21,22,22,12,11,7
undefined,0.998502418991038,88294,371,360,331,354,292,323,277,305,290,292,268,234,229,180,144,128,70,87,49,20
undefined,0.967871480523564,92143,72,72,68,45,59,70,101,57,39,27,16,23,26,18,13,16,14,6,9,4
undefined,0.97152535240691,92447,50,26,23,50,53,27,35,40,36,25,30,15,5,6,7,7,4,4,4,4
undefined,0.94442772473825,92419,37,56,37,26,27,28,32,34,39,22,18,40,21,16,10,8,10,12,3,3
undefined,0.959335334534778,92454,26,25,44,57,29,24,29,36,20,14,18,27,7,15,17,13,15,9,8,11
undefined,0.99049853812404,92026,50,56,72,82,98,68,67,57,54,34,26,30,26,29,21,23,32,28,9,10
undefined,0.990961122791604,91436,115,122,134,109,105,88,68,64,66,71,72,90,61,68,43,67,45,35,23,16
undefined,0.963975317103711,92063,62,74,74,50,59,51,35,43,37,39,36,60,46,42,33,27,16,14,26,11
undefined,0.972615508606284,92869,4,2,1,1,0,2,3,2,1,5,0,1,1,1,3,0,0,1,0,1
undefined,0.981373905874282,92040,48,74,54,63,55,65,50,62,80,57,28,32,50,31,23,30,24,13,11,8
undefined,0.993668207439891,91180,145,189,147,113,110,105,90,99,98,88,89,81,85,65,71,47,42,23,19,12
undefined,0.570558449088772,92889,1,1,0,0,0,1,0,0,0,0,1,1,0,1,0,1,1,0,0,1
undefined,0.993364656920666,92379,52,37,50,64,37,32,40,20,31,38,23,15,18,10,6,7,7,5,8,19
undefined,0.947727817115032,92610,22,16,26,25,22,40,23,25,17,22,12,4,6,6,7,5,3,6,1,0
undefined,0.919867641178588,92633,20,19,17,23,15,17,23,22,18,11,10,8,6,11,8,5,10,16,5,1
undefined,0.990899548449193,92191,62,70,76,66,67,54,55,36,51,39,32,24,13,17,13,9,6,6,8,3
undefined,0.983924160553394,92838,5,4,4,3,7,3,1,2,5,3,3,1,1,1,1,3,4,3,3,3
undefined,0.902140715758422,92797,7,10,4,7,2,9,7,6,4,7,9,7,5,8,2,1,5,0,0,1
undefined,0.935395362984093,92861,4,2,1,7,2,1,2,3,1,2,3,1,1,2,0,1,2,0,1,1
undefined,0.979724124899627,92744,3,1,1,3,2,4,8,17,20,18,16,9,9,10,2,8,4,5,12,2
undefined,0.890622329856418,92879,3,4,0,2,2,0,0,0,0,1,1,0,1,0,1,0,0,1,1,2
undefined,0,92898,0,0,0,0,0,0,0,0,0,0,0,0,0,0,0,0,0,0,0,0
undefined,0,92898,0,0,0,0,0,0,0,0,0,0,0,0,0,0,0,0,0,0,0,0
undefined,0,92898,0,0,0,0,0,0,0,0,0,0,0,0,0,0,0,0,0,0,0,0
undefined,0,92898,0,0,0,0,0,0,0,0,0,0,0,0,0,0,0,0,0,0,0,0
undefined,0,92898,0,0,0,0,0,0,0,0,0,0,0,0,0,0,0,0,0,0,0,0
undefined,0,92898,0,0,0,0,0,0,0,0,0,0,0,0,0,0,0,0,0,0,0,0
undefined,0,92898,0,0,0,0,0,0,0,0,0,0,0,0,0,0,0,0,0,0,0,0
undefined,0,92898,0,0,0,0,0,0,0,0,0,0,0,0,0,0,0,0,0,0,0,0
undefined,0,92898,0,0,0,0,0,0,0,0,0,0,0,0,0,0,0,0,0,0,0,0
undefined,0,92898,0,0,0,0,0,0,0,0,0,0,0,0,0,0,0,0,0,0,0,0
undefined,0,92898,0,0,0,0,0,0,0,0,0,0,0,0,0,0,0,0,0,0,0,0
undefined,0,92898,0,0,0,0,0,0,0,0,0,0,0,0,0,0,0,0,0,0,0,0
undefined,0,92898,0,0,0,0,0,0,0,0,0,0,0,0,0,0,0,0,0,0,0,0
undefined,0,92898,0,0,0,0,0,0,0,0,0,0,0,0,0,0,0,0,0,0,0,0
undefined,0,92898,0,0,0,0,0,0,0,0,0,0,0,0,0,0,0,0,0,0,0,0
undefined,0,92898,0,0,0,0,0,0,0,0,0,0,0,0,0,0,0,0,0,0,0,0
undefined,0,92898,0,0,0,0,0,0,0,0,0,0,0,0,0,0,0,0,0,0,0,0
undefined,0,92898,0,0,0,0,0,0,0,0,0,0,0,0,0,0,0,0,0,0,0,0
undefined,0,92898,0,0,0,0,0,0,0,0,0,0,0,0,0,0,0,0,0,0,0,0
undefined,0,92898,0,0,0,0,0,0,0,0,0,0,0,0,0,0,0,0,0,0,0,0
undefined,0,92898,0,0,0,0,0,0,0,0,0,0,0,0,0,0,0,0,0,0,0,0
undefined,0,92898,0,0,0,0,0,0,0,0,0,0,0,0,0,0,0,0,0,0,0,0
undefined,0,92898,0,0,0,0,0,0,0,0,0,0,0,0,0,0,0,0,0,0,0,0
undefined,0,92898,0,0,0,0,0,0,0,0,0,0,0,0,0,0,0,0,0,0,0,0
undefined,0,92898,0,0,0,0,0,0,0,0,0,0,0,0,0,0,0,0,0,0,0,0
undefined,0,92898,0,0,0,0,0,0,0,0,0,0,0,0,0,0,0,0,0,0,0,0
undefined,0,92898,0,0,0,0,0,0,0,0,0,0,0,0,0,0,0,0,0,0,0,0
undefined,0,92898,0,0,0,0,0,0,0,0,0,0,0,0,0,0,0,0,0,0,0,0
undefined,0,92898,0,0,0,0,0,0,0,0,0,0,0,0,0,0,0,0,0,0,0,0
undefined,0,92898,0,0,0,0,0,0,0,0,0,0,0,0,0,0,0,0,0,0,0,0
undefined,0,92898,0,0,0,0,0,0,0,0,0,0,0,0,0,0,0,0,0,0,0,0
undefined,0,92898,0,0,0,0,0,0,0,0,0,0,0,0,0,0,0,0,0,0,0,0
undefined,0,92898,0,0,0,0,0,0,0,0,0,0,0,0,0,0,0,0,0,0,0,0
undefined,0,92898,0,0,0,0,0,0,0,0,0,0,0,0,0,0,0,0,0,0,0,0
undefined,0,92898,0,0,0,0,0,0,0,0,0,0,0,0,0,0,0,0,0,0,0,0
undefined,0,92898,0,0,0,0,0,0,0,0,0,0,0,0,0,0,0,0,0,0,0,0
undefined,0,92898,0,0,0,0,0,0,0,0,0,0,0,0,0,0,0,0,0,0,0,0
undefined,0,92898,0,0,0,0,0,0,0,0,0,0,0,0,0,0,0,0,0,0,0,0
undefined,0,92898,0,0,0,0,0,0,0,0,0,0,0,0,0,0,0,0,0,0,0,0
undefined,0,92898,0,0,0,0,0,0,0,0,0,0,0,0,0,0,0,0,0,0,0,0
undefined,0,92898,0,0,0,0,0,0,0,0,0,0,0,0,0,0,0,0,0,0,0,0
undefined,0,92898,0,0,0,0,0,0,0,0,0,0,0,0,0,0,0,0,0,0,0,0
undefined,0,92898,0,0,0,0,0,0,0,0,0,0,0,0,0,0,0,0,0,0,0,0
undefined,0,92898,0,0,0,0,0,0,0,0,0,0,0,0,0,0,0,0,0,0,0,0
undefined,0,92898,0,0,0,0,0,0,0,0,0,0,0,0,0,0,0,0,0,0,0,0
undefined,0,92898,0,0,0,0,0,0,0,0,0,0,0,0,0,0,0,0,0,0,0,0
undefined,0,92898,0,0,0,0,0,0,0,0,0,0,0,0,0,0,0,0,0,0,0,0
undefined,0,92898,0,0,0,0,0,0,0,0,0,0,0,0,0,0,0,0,0,0,0,0
undefined,0,92898,0,0,0,0,0,0,0,0,0,0,0,0,0,0,0,0,0,0,0,0
